{
  "id": "weatherlink.v2.api",
  "name": {
    "en": "WeatherLink v2 API"
  },
  "class": "sensor",
  "capabilities": [
    "measure_temperature",
    "measure_temperature.dewpoint",
    "measure_temperature.windchill",
    "measure_pressure",
    "measure_humidity",
    "measure_rain",
    "measure_wind_angle",
    "measure_wind_strength"
  ],
  "capabilitiesOptions": {
    "measure_temperature.dewpoint": {
      "title": {
        "en": "Dewpoint",
        "nl": "Dauwpunt"
      }
    },
    "measure_temperature.windchill": {
      "title": {
        "en": "Windchill",
        "nl": "Gevoelstemperatuur"
      }
    }
  },
  "images": {
    "large": "/drivers/weatherlink.v2.api/assets/images/large.png",
    "small": "/drivers/weatherlink.v2.api/assets/images/small.png"
  },
  "settings": [
    {
      "type": "group",
      "label": {
        "en": "Settings",
        "nl": "Instellingen"
      },
      "children": [
        {
          "id": "interval",
          "type": "number",
          "label": {
            "en": "Interval",
            "nl": "Interval"
          },
          "value": 60,
          "min": 60,
          "units": {
            "en": "seconds",
            "nl": "seconden"
          }
        },
        {
          "id": "apikey",
          "type": "text",
          "label": {
            "en": "API-key"
          },
          "hint": {
            "en": "Generated API-Key",
            "nl": "Gegenereerde API-Key"
          },
          "example": "987654321"
        },
        {
          "id": "apisecret",
          "type": "text",
          "label": {
            "en": "API-Secret"
          },
          "example": "ABC123"
        },
        {
          "id": "stationid",
          "type": "text",
          "label": {
            "en": "Station ID"
          },
          "example": "2"
        }
      ]
    }
  ],
  "pair": [
    {
      "id": "start"
    }
  ]
}
  